file_num,file_name
1,files/file_01.wav
2,files/file_02.wav
3,files/file_03.wav
4,files/file_04.wav
5,files/file_05.wav
6,files/file_06.wav
7,files/file_07.wav
8,files/file_08.wav
9,files/file_09.wav
10,files/file_10.wav
11,files/file_11.wav
12,files/file_12.wav
13,files/file_13.wav
14,files/file_14.wav
15,files/file_15.wav
16,files/file_16.wav
17,files/file_17.wav
18,files/file_18.wav
19,files/file_19.wav
20,files/file_20.wav
21,files/file_21.wav
22,files/file_22.wav
23,files/file_23.wav
24,files/file_24.wav
25,files/file_25.wav
26,files/file_26.wav
27,files/file_27.wav
28,files/file_28.wav
29,files/file_29.wav
30,files/file_30.wav
